{"products":[{"id":"0.5792395694202146","qty":1}],"totalPrice":19.94999999999999}